Model,Mean_AUC,Neutral_Accuracy,Neutral_FP_Rate,AUC_toxic,AUC_severe_toxic,AUC_obscene,AUC_threat,AUC_insult,AUC_identity_hate
Baseline,0.9525932320894829,1.0,0.0,0.9949997092854235,0.8364492452568897,0.9758979940911211,0.9823303779161164,0.9457947530864198,0.9800873129009267
Fine-tuned,0.9540301274373847,0.9807692307692307,0.019230769230769273,0.9948252805395662,0.8432811706596501,0.9760534909034364,0.9827705464377791,0.9470293209876544,0.9802209550962224
Fine-tuned + Tagged,0.9525180491069806,0.9807692307692307,0.019230769230769273,0.9954648526077097,0.8408807644370586,0.9750038874203079,0.9788090297428159,0.9454861111111111,0.9794636493228795
